Movie_ID,Movie_Name,Release_Date,Genre,Language,Director,Production_House,Budget,Box_Office,Rating,Votes,Runtime_Minutes,OTT_Platform,Country
M001,Wild Night,2023-08-02,Romance,Malayalam,Amit Shah,Sunrise Studios,13.5,19.98,6.3,122473,176,Netflix,India
M002,Wild Destiny,2021-03-23,Comedy,Hindi,James Brown,Galaxy Pictures,80.75,55.31,6.2,696453,179,Not Available,India
M003,Dark Kingdom,2024-04-03,Thriller,English,Suresh Reddy,Starline Productions,107.74,181.95,6.1,367944,103,ZEE5,UK
M004,Wild World,2024-07-10,Action,Kannada,Raj Verma,Starline Productions,112.16,259.75,9.1,411922,100,ZEE5,USA
M005,Golden Kingdom,2023-12-13,Romance,Telugu,James Brown,Starline Productions,16.42,21.83,6.6,98667,119,Prime Video,UK
M006,Silent Memory,2021-12-28,Comedy,Kannada,Arun Rao,DreamWorks India,103.82,295.45,8.0,89870,167,SonyLIV,Canada
M007,Hidden Adventure,2021-07-06,Adventure,Tamil,Robert Lee,BlueSky Films,40.75,66.74,8.3,73655,119,Prime Video,Australia
M008,Broken Hearts,2024-11-29,Sci-Fi,Hindi,Arun Rao,Galaxy Pictures,39.77,87.4,8.8,689079,148,JioHotstar,Australia
M009,Dark Truth,2022-05-27,Crime,English,John Smith,DreamWorks India,65.92,85.82,9.2,549277,153,Not Available,South Korea
M010,Wild Journey,2022-05-14,Crime,Kannada,Priya Menon,BlueSky Films,18.89,34.4,9.2,569816,122,JioHotstar,Australia
M011,Last Hearts,2024-03-17,Drama,Malayalam,Vikram Rao,DreamWorks India,117.6,198.57,6.6,180840,148,ZEE5,India
M012,Wild Escape,2024-11-17,Drama,English,Raj Verma,Starline Productions,127.83,284.36,6.2,407077,110,SonyLIV,India
M013,Perfect Night,2020-08-17,Sci-Fi,English,Priya Menon,Prime Studios,133.02,433.82,6.6,75738,120,Not Available,India
M014,Great Escape,2024-04-06,Adventure,Malayalam,Amit Shah,Silver Screen,117.22,118.49,7.3,591510,111,ZEE5,South Korea
M015,Falling Shadow,2023-11-13,Comedy,English,Arun Rao,Silver Screen,109.81,206.09,8.0,406559,146,Netflix,UK
M016,Lost Night,2020-02-13,Crime,English,Daniel Wilson,Starline Productions,87.55,217.39,5.5,676759,97,Netflix,Australia
M017,Rising Legacy,2021-05-02,Drama,Tamil,Vikram Rao,Moonlight Films,103.66,133.26,6.0,613782,163,Prime Video,India
M018,Golden Truth,2020-07-17,Horror,Tamil,Priya Menon,Starline Productions,59.6,114.17,8.7,71802,176,Not Available,India
M019,Lost Night,2021-05-24,Comedy,Tamil,Vikram Rao,BlueSky Films,36.63,74.56,7.1,307075,149,Netflix,South Korea
M020,Rising Return,2023-01-12,Action,Hindi,Daniel Wilson,Moonlight Films,145.66,519.19,8.6,189389,142,Netflix,USA
M021,Future Memory,2022-02-15,Action,Kannada,Priya Menon,Prime Studios,147.94,214.31,8.4,492110,126,Prime Video,USA
M022,Hidden Vision,2021-08-30,Comedy,Tamil,Kiran Kumar,DreamWorks India,145.62,357.26,7.5,343838,97,Netflix,Australia
M023,Perfect Legacy,2020-06-13,Thriller,Malayalam,Raj Verma,Sunrise Studios,19.59,16.01,8.7,438389,105,ZEE5,India
M024,Lost Hearts,2022-05-08,Crime,Tamil,John Smith,Galaxy Pictures,89.13,143.71,6.5,717258,130,SonyLIV,UK
M025,Wild Dreams,2024-03-19,Romance,Malayalam,Robert Lee,DreamWorks India,11.3,29.24,7.6,119837,99,Hotstar,India
M026,Falling Journey,2024-12-05,Comedy,Kannada,Daniel Wilson,Galaxy Pictures,61.73,68.2,8.6,332212,168,JioHotstar,India
M027,Secret Code,2024-12-03,Thriller,Hindi,Priya Menon,Starline Productions,47.03,162.12,8.2,177998,124,Prime Video,South Korea
M028,Future Hearts,2023-07-22,Drama,English,David King,Starline Productions,80.76,113.35,8.9,68266,101,Not Available,USA
M029,Golden Night,2023-07-28,Drama,Kannada,Anil Kumar,DreamWorks India,32.62,65.69,8.1,603153,91,ZEE5,India
M030,Hidden Promise,2024-09-05,Sci-Fi,Hindi,Michael Jones,Silver Screen,91.55,98.32,6.0,338232,136,JioHotstar,India
M031,Silent Warrior,2021-12-25,Adventure,Tamil,David King,DreamWorks India,133.78,254.24,7.8,177060,120,JioHotstar,UK
M032,Golden Kingdom,2024-05-21,Horror,English,Daniel Wilson,Prime Studios,122.31,411.57,8.5,294766,110,Prime Video,USA
M033,Final Kingdom,2024-07-30,Animation,Telugu,Robert Lee,BlueSky Films,58.95,190.16,8.7,248752,93,Not Available,UK
M034,Great Warrior,2021-12-20,Adventure,Malayalam,Robert Lee,Sunrise Studios,65.95,246.63,7.5,43941,104,Netflix,Australia
M035,Dream Vision,2022-06-08,Sci-Fi,Hindi,Robert Lee,Sunrise Studios,112.0,179.62,7.7,551265,104,JioHotstar,Canada
M036,Magic Destiny,2020-01-04,Adventure,English,Michael Jones,Starline Productions,139.58,324.25,8.2,718204,115,ZEE5,UK
M037,Dream World,2023-09-20,Romance,Malayalam,John Smith,Silver Screen,110.77,172.92,6.6,443231,131,SonyLIV,South Korea
M038,Secret Dreams,2022-02-15,Thriller,Tamil,Vikram Rao,Starline Productions,96.17,150.32,7.5,15425,128,SonyLIV,Canada
M039,Dark World,2022-06-24,Comedy,Malayalam,Michael Jones,Starline Productions,81.56,256.09,9.1,192934,174,Netflix,USA
M040,Unknown Night,2023-10-09,Drama,Tamil,Amit Shah,Silver Screen,41.45,51.28,5.6,271736,150,JioHotstar,South Korea
M041,Lost Warrior,2022-02-25,Animation,Kannada,Kiran Kumar,Prime Studios,65.95,70.71,8.0,126764,144,Netflix,Australia
M042,Royal Shadow,2021-05-25,Romance,Malayalam,Daniel Wilson,Moonlight Films,73.9,233.86,8.0,601075,166,Not Available,Australia
M043,Great Escape,2022-07-02,Thriller,Tamil,Michael Jones,Silver Screen,114.11,241.79,6.5,274249,171,Hotstar,Canada
M044,Broken Legacy,2020-06-07,Drama,Tamil,Priya Menon,DreamWorks India,42.83,71.73,8.8,99491,107,JioHotstar,USA
M045,Dream Vision,2020-05-11,Horror,Kannada,David King,Moonlight Films,67.06,156.68,7.0,231881,143,SonyLIV,India
M046,Wild Code,2021-12-21,Drama,Hindi,James Brown,Silver Screen,115.49,384.7,9.0,454375,158,Hotstar,Canada
M047,Broken Code,2022-09-21,Action,Malayalam,David King,Moonlight Films,64.44,176.59,8.5,188061,149,ZEE5,Australia
M048,Great Kingdom,2023-09-19,Action,Telugu,Arun Rao,Prime Studios,21.75,42.88,8.7,205556,96,Hotstar,UK
M049,Last Memory,2024-04-07,Horror,English,Suresh Reddy,Silver Screen,48.96,178.4,7.1,100884,150,JioHotstar,India
M050,Broken Legacy,2024-05-18,Action,Hindi,James Brown,BlueSky Films,115.59,420.6,6.2,36369,169,ZEE5,USA
M051,Secret Mission,2022-08-10,Drama,Malayalam,David King,Galaxy Pictures,117.37,133.44,7.7,135096,110,ZEE5,South Korea
M052,Golden World,2022-02-07,Horror,Kannada,Raj Verma,BlueSky Films,141.81,175.09,7.7,672711,121,Not Available,Australia
M053,Royal Journey,2024-05-21,Action,Tamil,Daniel Wilson,Prime Studios,58.61,115.51,6.9,545538,172,Netflix,Canada
M054,Unknown Memory,2022-01-11,Animation,Tamil,James Brown,Moonlight Films,109.02,217.34,8.2,697054,124,Not Available,South Korea
M055,Lost Shadow,2023-04-28,Drama,Malayalam,Raj Verma,Moonlight Films,55.12,76.37,9.0,307477,147,Hotstar,India
M056,Unknown Hearts,2022-10-09,Sci-Fi,Malayalam,David King,Silver Screen,35.46,45.35,8.5,371871,125,Netflix,USA
M057,Beyond Journey,2024-01-14,Horror,English,Robert Lee,Silver Screen,78.4,237.25,8.1,692278,152,SonyLIV,South Korea
M058,Wild Adventure,2021-05-13,Drama,Telugu,Priya Menon,Prime Studios,102.95,183.34,7.5,375455,144,Hotstar,UK
M059,Silent Dreams,2021-05-29,Comedy,Hindi,Priya Menon,Prime Studios,26.89,32.71,5.9,576894,178,Hotstar,South Korea
M060,Magic Warrior,2023-04-22,Adventure,Telugu,David King,DreamWorks India,93.55,349.66,8.6,325636,119,Hotstar,India
M061,Last Vision,2020-04-21,Adventure,Telugu,James Brown,Prime Studios,50.9,184.31,7.9,529723,103,SonyLIV,UK
M062,Rising Night,2021-01-12,Action,Malayalam,Michael Jones,Sunrise Studios,45.35,152.26,5.9,83517,141,Prime Video,USA
M063,Unknown Code,2024-07-19,Crime,Malayalam,Arun Rao,Moonlight Films,142.88,124.67,6.4,600181,143,SonyLIV,Canada
M064,Final Dreams,2021-08-31,Crime,Telugu,Michael Jones,BlueSky Films,148.6,234.37,7.8,654244,102,Prime Video,USA
M065,Secret Truth,2020-12-21,Adventure,Hindi,Robert Lee,Galaxy Pictures,20.51,12.48,7.2,637656,150,JioHotstar,Canada
M066,Future Mission,2020-05-25,Comedy,Malayalam,Arun Rao,DreamWorks India,139.35,434.92,7.8,708300,115,Hotstar,USA
M067,Beyond Mission,2020-05-26,Action,Tamil,Priya Menon,Galaxy Pictures,33.23,52.65,8.3,611856,126,JioHotstar,Canada
M068,Unknown Hearts,2021-07-11,Adventure,English,Ravi Kumar,Silver Screen,85.6,171.27,7.7,468014,131,JioHotstar,Australia
M069,Rising Escape,2023-04-17,Action,Kannada,James Brown,Galaxy Pictures,149.94,412.53,6.5,57185,112,Prime Video,Australia
M070,Golden Warrior,2022-06-11,Animation,Telugu,Amit Shah,Prime Studios,145.67,306.49,7.0,351653,175,Hotstar,South Korea
M071,Falling Journey,2022-03-31,Adventure,Kannada,Daniel Wilson,Prime Studios,15.14,13.35,6.4,136552,141,SonyLIV,India
M072,Great Memory,2021-01-19,Adventure,Hindi,Anil Kumar,Galaxy Pictures,60.65,183.2,7.8,69118,116,SonyLIV,South Korea
M073,Wild Journey,2022-09-19,Romance,Malayalam,Amit Shah,BlueSky Films,14.04,36.73,8.5,181071,129,Prime Video,India
M074,Great Destiny,2022-08-03,Romance,Tamil,James Brown,Silver Screen,100.68,110.01,9.0,321039,155,SonyLIV,Australia
M075,Great Destiny,2020-10-23,Horror,Telugu,Anil Kumar,Galaxy Pictures,36.69,92.39,8.3,158139,98,Not Available,India
M076,Wild Return,2021-08-02,Drama,Telugu,Suresh Reddy,Moonlight Films,127.25,312.49,7.9,170813,147,SonyLIV,UK
M077,Royal Return,2024-11-15,Comedy,Kannada,Anil Kumar,Moonlight Films,147.31,200.96,6.9,445728,95,SonyLIV,South Korea
M078,Golden Shadow,2024-06-10,Thriller,English,Kiran Kumar,Prime Studios,79.35,57.01,7.4,633849,132,Netflix,South Korea
M079,Unknown Kingdom,2020-10-22,Horror,Kannada,Ravi Kumar,Starline Productions,131.93,488.65,5.8,292896,133,Not Available,South Korea
M080,Hidden Code,2024-10-25,Adventure,English,Arun Rao,Galaxy Pictures,63.2,101.96,8.2,526650,159,Prime Video,South Korea
M081,Silent World,2020-07-04,Horror,English,David King,Starline Productions,146.97,445.79,8.1,120389,146,Not Available,India
M082,Silent Warrior,2021-08-23,Sci-Fi,Hindi,Ravi Kumar,Moonlight Films,62.48,66.59,7.5,608418,177,ZEE5,South Korea
M083,Great Journey,2021-05-08,Animation,Tamil,Anil Kumar,Galaxy Pictures,137.8,145.79,7.2,281314,148,JioHotstar,Australia
M084,Great Shadow,2020-11-19,Romance,Telugu,Arun Rao,Moonlight Films,71.84,122.55,7.7,684975,144,Not Available,Canada
M085,Last Kingdom,2020-08-06,Comedy,Telugu,David King,Sunrise Studios,63.39,110.85,6.6,748247,127,ZEE5,South Korea
M086,Final Code,2022-10-14,Drama,Telugu,Michael Jones,DreamWorks India,118.6,158.49,8.5,244642,171,JioHotstar,India
M087,Secret Adventure,2023-07-09,Action,Kannada,Amit Shah,DreamWorks India,53.25,107.07,7.6,152795,101,Prime Video,USA
M088,Great Return,2024-05-29,Adventure,Telugu,Priya Menon,Starline Productions,132.7,234.98,7.4,300765,111,Not Available,India
M089,Wild Promise,2022-08-17,Romance,English,Vikram Rao,Moonlight Films,29.71,109.71,8.7,722166,140,Netflix,UK
M090,Magic Mission,2023-01-03,Romance,Kannada,Arun Rao,Prime Studios,73.67,202.82,8.0,627955,138,Netflix,Australia
M091,Secret Destiny,2024-12-15,Adventure,English,John Smith,Sunrise Studios,55.92,142.72,7.9,681269,149,Netflix,UK
M092,Wild Destiny,2022-10-05,Romance,Malayalam,Priya Menon,DreamWorks India,23.61,81.2,6.0,490679,137,SonyLIV,South Korea
M093,Final Shadow,2020-07-21,Animation,Tamil,Arun Rao,Starline Productions,96.19,346.76,6.5,738811,137,Netflix,South Korea
M094,Golden Shadow,2022-01-22,Adventure,English,Michael Jones,Silver Screen,136.24,362.87,5.7,304282,114,JioHotstar,South Korea
M095,Dark Memory,2023-05-07,Action,Hindi,Raj Verma,Silver Screen,17.08,28.48,9.2,607002,116,Not Available,USA
M096,Wild Hearts,2021-11-03,Thriller,Hindi,Ravi Kumar,Sunrise Studios,120.41,301.88,6.5,166716,106,Prime Video,India
M097,Falling Mission,2022-01-03,Comedy,Kannada,Ravi Kumar,Prime Studios,92.44,60.13,6.5,147915,143,SonyLIV,UK
M098,Falling World,2022-11-17,Crime,Tamil,Michael Jones,Sunrise Studios,25.27,55.9,9.0,60471,174,Netflix,Canada
M099,Dark Adventure,2024-10-01,Horror,Malayalam,John Smith,BlueSky Films,69.68,65.88,8.1,480108,99,Prime Video,UK
M100,Beyond Escape,2023-07-02,Crime,Malayalam,Amit Shah,BlueSky Films,86.77,142.35,9.2,571329,127,Not Available,South Korea
M101,Royal Shadow,2020-08-22,Adventure,Tamil,Amit Shah,BlueSky Films,110.92,142.87,7.2,254592,142,Hotstar,Canada
M102,Dark Night,2021-10-02,Drama,Tamil,Ravi Kumar,Starline Productions,62.4,67.92,8.9,85394,101,Not Available,USA
M103,Magic Destiny,2023-02-13,Action,Kannada,David King,Galaxy Pictures,92.11,220.79,6.7,143168,142,ZEE5,UK
M104,Magic Memory,2021-12-21,Romance,Telugu,Ravi Kumar,Galaxy Pictures,90.91,116.43,7.9,250137,103,ZEE5,USA
M105,Wild Journey,2024-07-11,Horror,Malayalam,Anil Kumar,Galaxy Pictures,128.32,477.16,8.5,658378,176,Netflix,USA
M106,Dream Night,2021-07-13,Drama,Hindi,Priya Menon,Sunrise Studios,139.02,239.57,6.2,165210,162,Netflix,South Korea
M107,Perfect Code,2022-12-22,Comedy,English,Anil Kumar,Sunrise Studios,62.67,128.58,6.1,341775,131,Prime Video,USA
M108,Unknown Shadow,2024-03-25,Crime,Tamil,Robert Lee,Silver Screen,16.97,14.61,7.1,459611,152,Not Available,Australia
M109,Secret Truth,2020-08-21,Sci-Fi,Hindi,Amit Shah,Sunrise Studios,70.19,105.73,8.0,525271,157,Netflix,USA
M110,Rising Destiny,2021-09-09,Comedy,Hindi,John Smith,Moonlight Films,117.43,357.61,6.6,140812,90,ZEE5,South Korea
M111,Future Journey,2021-04-16,Adventure,Tamil,Anil Kumar,BlueSky Films,88.22,241.52,6.8,431359,95,Not Available,UK
M112,Last Adventure,2023-03-25,Horror,Hindi,Vikram Rao,Prime Studios,90.28,259.14,7.0,135768,141,Not Available,South Korea
M113,Dark Kingdom,2022-01-11,Romance,Telugu,Priya Menon,Starline Productions,71.14,66.78,7.1,434902,157,Prime Video,UK
M114,Magic Story,2024-05-14,Thriller,Hindi,Ravi Kumar,DreamWorks India,20.69,54.34,7.5,218322,134,Hotstar,USA
M115,Beyond Vision,2020-12-21,Crime,Malayalam,James Brown,Starline Productions,31.4,95.12,5.8,673452,153,Not Available,South Korea
M116,Hidden Promise,2021-10-09,Thriller,Malayalam,Ravi Kumar,Galaxy Pictures,71.57,150.34,7.8,303016,165,SonyLIV,Canada
M117,Unknown Escape,2020-03-18,Action,Tamil,James Brown,Sunrise Studios,61.62,93.58,7.9,109682,168,SonyLIV,Australia
M118,Golden Adventure,2023-08-27,Comedy,Kannada,Ravi Kumar,DreamWorks India,55.01,116.73,6.1,79879,147,Netflix,USA
M119,Secret Kingdom,2023-12-20,Animation,Tamil,Vikram Rao,Starline Productions,148.74,338.68,7.8,396574,137,JioHotstar,Australia
M120,Unknown Story,2020-04-17,Sci-Fi,Telugu,Ravi Kumar,DreamWorks India,19.23,17.35,8.0,312949,122,Hotstar,UK
M121,Royal Story,2023-09-05,Horror,Kannada,Priya Menon,BlueSky Films,28.05,80.45,5.8,601072,138,JioHotstar,South Korea
M122,Rising Dreams,2022-05-17,Adventure,Hindi,John Smith,DreamWorks India,60.66,106.78,6.2,239597,133,Netflix,UK
M123,Royal Code,2024-09-25,Romance,Hindi,Raj Verma,Moonlight Films,81.08,188.69,8.2,567108,94,Prime Video,USA
M124,Lost Shadow,2021-01-05,Crime,Malayalam,Robert Lee,Prime Studios,123.27,139.26,7.1,445816,136,Prime Video,Australia
M125,Perfect Shadow,2021-05-04,Drama,Tamil,Vikram Rao,Galaxy Pictures,145.18,451.51,8.8,218440,137,Not Available,Canada
M126,Great Truth,2022-10-26,Adventure,Kannada,James Brown,Starline Productions,68.61,76.75,6.2,649035,107,ZEE5,India
M127,Falling Story,2023-12-27,Adventure,Tamil,Ravi Kumar,Silver Screen,129.16,195.32,8.3,301042,147,Not Available,Canada
M128,Dream Night,2024-12-16,Sci-Fi,Telugu,Arun Rao,Sunrise Studios,140.27,270.39,7.0,407127,120,Hotstar,India
M129,Broken Return,2024-09-14,Sci-Fi,Tamil,Raj Verma,Sunrise Studios,120.79,125.66,6.6,510404,179,Netflix,India
M130,Golden World,2021-06-08,Comedy,Hindi,Robert Lee,BlueSky Films,126.89,298.97,8.2,568408,144,Netflix,USA
M131,Last Escape,2022-05-09,Crime,Malayalam,Arun Rao,DreamWorks India,74.0,70.65,8.8,640726,158,Hotstar,Canada
M132,Falling Promise,2020-01-04,Crime,English,Kiran Kumar,Sunrise Studios,59.39,144.09,6.2,715674,100,SonyLIV,Canada
M133,Lost Mission,2020-03-30,Horror,Malayalam,Priya Menon,Starline Productions,147.35,208.01,5.6,85841,134,Prime Video,India
M134,Rising Warrior,2021-12-22,Adventure,Hindi,Ravi Kumar,Prime Studios,57.4,152.51,8.6,732941,149,Netflix,UK
M135,Dream Memory,2021-02-16,Action,Tamil,Robert Lee,Sunrise Studios,120.76,414.75,6.7,340138,155,Not Available,South Korea
M136,Golden Promise,2021-01-26,Drama,Tamil,Anil Kumar,Moonlight Films,59.98,185.86,8.7,363048,124,JioHotstar,Canada
M137,Dark Destiny,2022-03-02,Sci-Fi,English,Amit Shah,DreamWorks India,146.32,320.13,7.3,559500,124,ZEE5,UK
M138,Silent Shadow,2021-10-19,Romance,Telugu,James Brown,Sunrise Studios,21.21,57.58,6.6,646894,144,JioHotstar,UK
M139,Dream Promise,2023-06-13,Horror,Malayalam,Vikram Rao,DreamWorks India,48.44,180.98,9.0,93686,175,Netflix,USA
M140,Magic Promise,2024-10-04,Crime,Tamil,Raj Verma,Sunrise Studios,104.93,210.09,6.0,262459,172,ZEE5,USA
M141,Falling Promise,2023-10-22,Animation,Tamil,Suresh Reddy,Galaxy Pictures,142.84,255.75,8.3,616800,107,Prime Video,India
M142,Beyond Dreams,2020-02-23,Thriller,Malayalam,Robert Lee,Prime Studios,79.87,146.83,7.6,289492,123,Prime Video,India
M143,Royal Promise,2020-10-04,Romance,Kannada,Ravi Kumar,Galaxy Pictures,73.29,254.74,7.1,107055,177,Hotstar,USA
M144,Lost Return,2023-12-28,Thriller,English,Suresh Reddy,Starline Productions,121.12,269.86,5.9,225743,107,SonyLIV,Australia
M145,Future Destiny,2020-09-22,Crime,Malayalam,Ravi Kumar,DreamWorks India,133.79,108.42,7.0,516916,157,Hotstar,South Korea
M146,Perfect Warrior,2020-05-31,Animation,Hindi,Amit Shah,Sunrise Studios,75.22,169.66,6.0,593083,171,Not Available,India
M147,Falling World,2022-11-27,Thriller,English,Robert Lee,Silver Screen,52.58,58.8,9.0,251422,134,JioHotstar,Australia
M148,Perfect Vision,2021-07-16,Thriller,Hindi,John Smith,Starline Productions,97.5,250.2,5.8,687124,111,Not Available,Australia
M149,Final Vision,2020-03-25,Action,Tamil,Raj Verma,Sunrise Studios,21.37,77.69,8.4,292511,173,SonyLIV,South Korea
M150,Secret Shadow,2023-01-22,Drama,English,Priya Menon,Sunrise Studios,99.87,156.47,6.4,733264,141,Prime Video,Canada
M151,Dream Story,2022-05-01,Animation,Telugu,Kiran Kumar,BlueSky Films,75.02,126.68,6.0,349827,134,Hotstar,USA
M152,Unknown Destiny,2022-08-13,Romance,Hindi,Daniel Wilson,DreamWorks India,47.45,66.11,5.9,319309,139,Not Available,UK
M153,Secret Return,2023-03-29,Sci-Fi,English,Ravi Kumar,Moonlight Films,36.58,40.6,9.2,504491,153,ZEE5,Canada
M154,Rising World,2021-05-08,Comedy,Malayalam,David King,BlueSky Films,91.67,69.28,6.5,641543,173,SonyLIV,USA
M155,Perfect Memory,2024-12-12,Drama,Hindi,Suresh Reddy,Galaxy Pictures,111.85,340.51,6.9,435040,96,Netflix,Canada
M156,Golden Story,2022-10-29,Animation,English,Amit Shah,Starline Productions,117.02,174.96,9.2,728449,168,Not Available,UK
M157,Hidden Truth,2023-02-16,Sci-Fi,Hindi,Priya Menon,Starline Productions,115.7,143.12,7.4,539369,95,Not Available,Canada
M158,Silent Kingdom,2022-11-29,Animation,Malayalam,Priya Menon,Galaxy Pictures,30.85,106.68,6.0,657848,130,ZEE5,UK
M159,Royal Mission,2022-11-04,Adventure,Tamil,Raj Verma,Galaxy Pictures,84.53,242.43,6.6,32445,137,Not Available,South Korea
M160,Lost Truth,2024-11-21,Action,Malayalam,James Brown,DreamWorks India,93.57,135.65,7.9,621574,163,ZEE5,South Korea
M161,Perfect Mission,2024-01-16,Crime,Hindi,David King,Prime Studios,118.44,215.16,8.5,268961,94,Hotstar,Canada
M162,Broken Escape,2020-11-06,Horror,Hindi,Kiran Kumar,Starline Productions,106.67,204.08,8.4,509514,97,JioHotstar,Canada
M163,Magic Hearts,2022-12-12,Horror,Malayalam,James Brown,Silver Screen,53.93,62.25,8.9,373955,159,Prime Video,UK
M164,Final Return,2023-02-16,Drama,Telugu,James Brown,Starline Productions,41.48,154.03,6.6,318042,180,ZEE5,South Korea
M165,Broken World,2021-07-14,Drama,English,Robert Lee,BlueSky Films,27.06,74.83,6.9,428697,134,Hotstar,Canada
M166,Great Story,2023-09-05,Drama,English,Raj Verma,Silver Screen,114.63,147.27,8.6,299303,161,Prime Video,India
M167,Golden Story,2023-10-03,Adventure,English,Kiran Kumar,DreamWorks India,41.59,55.94,5.9,361337,150,SonyLIV,South Korea
M168,Hidden Night,2024-12-08,Animation,Kannada,Raj Verma,Silver Screen,76.84,95.15,9.1,351768,126,ZEE5,South Korea
M169,Dream Return,2024-01-20,Action,Hindi,Anil Kumar,Galaxy Pictures,137.85,159.93,8.8,199327,94,Netflix,India
M170,Wild Escape,2021-09-03,Crime,Tamil,Anil Kumar,DreamWorks India,94.39,337.07,6.7,491419,172,Not Available,Australia
M171,Great Warrior,2022-08-16,Drama,English,Priya Menon,Starline Productions,36.99,35.53,6.1,496206,172,Not Available,UK
M172,Royal Night,2023-03-08,Comedy,Tamil,Michael Jones,BlueSky Films,34.57,115.45,8.8,463479,155,Prime Video,USA
M173,Royal World,2022-09-04,Sci-Fi,Malayalam,Priya Menon,Sunrise Studios,141.02,87.69,6.9,483436,124,Hotstar,South Korea
M174,Falling World,2022-01-06,Comedy,Kannada,Ravi Kumar,Galaxy Pictures,18.7,18.29,6.6,440110,177,Hotstar,Australia
M175,Future Memory,2021-03-28,Comedy,Tamil,Vikram Rao,Silver Screen,144.03,306.81,7.2,650163,137,Not Available,USA
M176,Perfect Mission,2023-10-25,Crime,English,Daniel Wilson,Silver Screen,132.24,113.99,7.2,394358,99,ZEE5,Australia
M177,Rising Night,2020-11-02,Thriller,Malayalam,James Brown,Sunrise Studios,55.94,126.71,5.9,230379,164,SonyLIV,USA
M178,Dream Hearts,2022-11-17,Horror,English,Priya Menon,Silver Screen,73.95,58.03,7.2,338139,92,ZEE5,India
M179,Hidden World,2020-04-02,Horror,Tamil,John Smith,DreamWorks India,58.23,46.82,9.2,87371,150,Not Available,South Korea
M180,Dark Memory,2024-02-02,Horror,Hindi,Michael Jones,Starline Productions,62.42,215.49,7.2,410833,138,Netflix,USA
M181,Secret Shadow,2023-01-05,Horror,Kannada,Priya Menon,Moonlight Films,84.04,246.17,6.3,18642,92,ZEE5,Canada
M182,Future Code,2024-08-13,Comedy,English,Arun Rao,Silver Screen,44.65,76.25,6.5,133326,94,Netflix,India
M183,Dream Shadow,2023-05-01,Action,Hindi,Kiran Kumar,Silver Screen,72.5,199.41,8.7,271622,95,Not Available,India
M184,Perfect Code,2020-10-13,Adventure,Kannada,Daniel Wilson,Starline Productions,149.09,201.17,8.9,619095,130,Prime Video,UK
M185,Wild Vision,2024-11-29,Thriller,Kannada,Anil Kumar,DreamWorks India,148.0,335.66,7.0,303519,97,JioHotstar,South Korea
M186,Falling Adventure,2022-05-24,Adventure,Kannada,Amit Shah,Moonlight Films,79.39,294.64,9.0,718953,138,Prime Video,UK
M187,Broken Shadow,2022-02-09,Thriller,English,Kiran Kumar,Moonlight Films,115.62,244.57,8.6,330344,180,SonyLIV,Australia
M188,Magic Night,2022-12-21,Thriller,Malayalam,Priya Menon,Silver Screen,64.38,91.16,6.7,97911,147,Netflix,UK
M189,Wild Dreams,2022-02-11,Crime,Tamil,Arun Rao,Starline Productions,94.41,320.58,6.2,631126,175,Hotstar,India
M190,Unknown Dreams,2021-03-09,Comedy,Tamil,Anil Kumar,Silver Screen,144.69,141.13,9.2,517184,121,ZEE5,UK
M191,Falling Return,2024-05-07,Drama,Tamil,Ravi Kumar,Prime Studios,63.29,146.05,6.8,289267,136,Not Available,UK
M192,Great Memory,2021-02-20,Sci-Fi,Malayalam,Raj Verma,Moonlight Films,53.81,40.16,8.7,168011,92,Hotstar,USA
M193,Royal Hearts,2021-02-05,Sci-Fi,Tamil,Priya Menon,Prime Studios,42.2,102.26,6.4,592390,173,SonyLIV,USA
M194,Hidden Escape,2024-02-09,Sci-Fi,English,Daniel Wilson,BlueSky Films,33.7,97.9,7.3,583471,172,Not Available,South Korea
M195,Final Escape,2020-04-09,Action,Tamil,Suresh Reddy,Sunrise Studios,67.73,223.25,6.4,173366,91,ZEE5,South Korea
M196,Future Journey,2023-09-27,Crime,English,Kiran Kumar,Galaxy Pictures,137.79,373.37,5.6,573065,160,ZEE5,UK
M197,Golden Escape,2020-02-05,Adventure,Hindi,Arun Rao,Silver Screen,123.84,341.42,8.5,202974,103,ZEE5,Australia
M198,Perfect Legacy,2021-05-31,Sci-Fi,Kannada,Arun Rao,Galaxy Pictures,47.43,88.7,6.9,440750,148,JioHotstar,India
M199,Last Warrior,2023-08-31,Action,English,James Brown,Moonlight Films,23.09,41.88,7.5,73840,171,JioHotstar,UK
M200,Rising Hearts,2023-03-04,Romance,English,Anil Kumar,BlueSky Films,135.27,479.03,6.4,740916,162,JioHotstar,UK
M201,Perfect Story,2023-01-17,Crime,Kannada,Daniel Wilson,Moonlight Films,102.14,119.91,8.6,31418,116,Netflix,UK
M202,Dream Story,2020-11-28,Crime,Kannada,Priya Menon,BlueSky Films,43.67,142.84,6.9,581820,132,ZEE5,South Korea
M203,Unknown Kingdom,2021-12-09,Action,Telugu,David King,Galaxy Pictures,23.68,31.8,5.8,649565,168,Not Available,Canada
M204,Dream Night,2022-10-01,Comedy,Malayalam,Robert Lee,Silver Screen,59.81,216.01,7.1,727711,164,JioHotstar,India
M205,Magic Mission,2020-06-17,Drama,English,David King,Galaxy Pictures,31.59,90.9,7.8,423548,130,SonyLIV,UK
M206,Falling Destiny,2024-04-08,Drama,English,David King,BlueSky Films,24.31,21.38,7.1,599041,161,Hotstar,Australia
M207,Dream Night,2020-07-09,Crime,Kannada,Anil Kumar,Silver Screen,93.73,153.55,6.9,321024,142,ZEE5,Australia
M208,Silent Destiny,2020-12-13,Horror,Telugu,Amit Shah,Galaxy Pictures,33.73,49.26,6.5,168023,98,SonyLIV,India
M209,Beyond Mission,2022-01-09,Drama,Hindi,Robert Lee,Sunrise Studios,142.19,413.33,7.3,661624,115,SonyLIV,UK
M210,Unknown Story,2024-09-19,Crime,Telugu,Suresh Reddy,Silver Screen,63.18,212.22,7.1,466533,173,SonyLIV,UK
M211,Lost Adventure,2020-12-29,Horror,Tamil,Robert Lee,Moonlight Films,145.62,223.18,8.1,529858,163,Hotstar,India
M212,Beyond Dreams,2023-02-28,Comedy,Tamil,Vikram Rao,Galaxy Pictures,92.91,217.97,8.0,591820,93,Not Available,South Korea
M213,Broken Destiny,2020-05-21,Horror,Tamil,Ravi Kumar,Prime Studios,104.22,108.95,6.6,279955,174,ZEE5,Canada
M214,Hidden Promise,2023-04-07,Horror,Kannada,Anil Kumar,BlueSky Films,84.81,301.52,8.7,453620,159,Netflix,USA
M215,Dream Adventure,2023-09-08,Sci-Fi,Tamil,Ravi Kumar,Sunrise Studios,33.29,85.24,7.6,691364,176,Netflix,UK
M216,Magic Kingdom,2021-03-30,Adventure,Tamil,Vikram Rao,DreamWorks India,114.56,273.29,8.0,246768,147,Hotstar,India
M217,Secret Adventure,2022-09-15,Romance,Tamil,Vikram Rao,Silver Screen,51.36,182.11,5.8,163557,134,ZEE5,Canada
M218,Hidden Mission,2021-12-14,Animation,English,Daniel Wilson,Starline Productions,23.67,68.89,7.2,85437,128,JioHotstar,India
M219,Royal Memory,2023-10-18,Thriller,Tamil,James Brown,Silver Screen,140.19,416.3,7.4,593719,110,Not Available,Canada
M220,Beyond Vision,2023-07-13,Thriller,Tamil,Amit Shah,Sunrise Studios,36.09,97.57,7.0,658937,115,JioHotstar,USA
M221,Silent Promise,2021-02-25,Drama,Telugu,Arun Rao,Prime Studios,115.33,367.66,5.7,121694,158,Netflix,UK
M222,Perfect Mission,2023-10-05,Animation,Telugu,Suresh Reddy,Prime Studios,83.88,221.87,7.7,656003,140,ZEE5,USA
M223,Lost World,2024-07-24,Drama,English,John Smith,Starline Productions,138.62,344.96,8.0,343399,105,JioHotstar,USA
M224,Wild Warrior,2022-11-12,Horror,Malayalam,John Smith,Prime Studios,68.55,71.37,6.9,209776,152,Hotstar,USA
M225,Broken Dreams,2021-01-18,Sci-Fi,Tamil,Kiran Kumar,Prime Studios,127.88,330.2,8.7,25048,152,SonyLIV,South Korea
M226,Lost World,2022-10-04,Horror,English,Robert Lee,Silver Screen,109.42,221.06,6.1,607862,93,ZEE5,UK
M227,Perfect Mission,2020-12-10,Animation,Telugu,Vikram Rao,Starline Productions,89.19,274.01,7.3,550618,104,ZEE5,India
M228,Secret Truth,2024-04-05,Animation,Tamil,Robert Lee,Starline Productions,86.49,325.83,5.9,700424,121,Not Available,India
M229,Magic Code,2022-06-18,Romance,Kannada,Amit Shah,DreamWorks India,118.59,161.07,8.5,631482,178,ZEE5,USA
M230,Unknown Memory,2024-05-26,Comedy,Hindi,Suresh Reddy,Galaxy Pictures,123.89,393.65,7.6,573136,125,Hotstar,Australia
M231,Great Story,2021-07-01,Adventure,Kannada,Daniel Wilson,DreamWorks India,147.97,410.43,5.9,446589,97,Prime Video,USA
M232,Perfect Hearts,2023-12-27,Sci-Fi,Kannada,Amit Shah,Moonlight Films,125.99,382.6,8.0,528234,108,SonyLIV,India
M233,Rising Adventure,2023-07-21,Romance,Malayalam,David King,BlueSky Films,66.4,199.16,8.1,401999,148,JioHotstar,Canada
M234,Rising Hearts,2023-07-24,Sci-Fi,Telugu,Daniel Wilson,Galaxy Pictures,129.01,405.89,7.0,465513,117,Hotstar,Australia
M235,Hidden Mission,2023-03-29,Thriller,Kannada,Vikram Rao,Prime Studios,89.26,192.18,6.8,730707,96,Netflix,India
M236,Broken World,2024-10-22,Thriller,Hindi,Daniel Wilson,Galaxy Pictures,71.78,43.22,9.0,227146,178,Netflix,South Korea
M237,Secret Legacy,2022-01-08,Drama,Tamil,Michael Jones,BlueSky Films,21.54,58.73,7.9,69302,140,JioHotstar,India
M238,Last Journey,2020-01-03,Comedy,Kannada,Suresh Reddy,BlueSky Films,76.75,78.64,6.3,728013,146,Not Available,Canada
M239,Royal Promise,2023-11-22,Thriller,Telugu,John Smith,Moonlight Films,76.88,102.45,5.8,122402,103,Not Available,USA
M240,Magic Dreams,2023-08-06,Thriller,Kannada,Priya Menon,DreamWorks India,19.58,47.04,7.8,187088,146,SonyLIV,Australia
M241,Dream Promise,2023-11-07,Animation,Tamil,Suresh Reddy,DreamWorks India,130.39,114.4,5.9,144139,165,Prime Video,UK
M242,Last World,2023-08-13,Romance,Hindi,Kiran Kumar,Silver Screen,44.74,112.89,8.2,313761,178,JioHotstar,Canada
M243,Lost Return,2021-08-28,Action,Kannada,Raj Verma,BlueSky Films,119.73,375.96,6.4,419630,104,ZEE5,India
M244,Silent Return,2022-01-09,Sci-Fi,English,David King,BlueSky Films,28.48,95.54,7.6,398162,159,Netflix,UK
M245,Falling Destiny,2021-03-17,Action,Tamil,Priya Menon,Moonlight Films,139.16,505.95,7.0,315404,170,Netflix,South Korea
M246,Broken Memory,2023-01-03,Adventure,Telugu,Amit Shah,BlueSky Films,96.25,143.21,6.6,551141,116,Hotstar,South Korea
M247,Unknown Truth,2022-06-14,Comedy,Telugu,Michael Jones,DreamWorks India,18.11,15.86,7.1,490394,168,Netflix,India
M248,Great Warrior,2023-12-20,Thriller,Telugu,John Smith,Galaxy Pictures,108.21,121.66,9.0,563410,156,JioHotstar,India
M249,Dark Return,2024-04-28,Action,Tamil,Kiran Kumar,Starline Productions,56.9,112.31,7.4,290722,163,Netflix,Canada
M250,Golden Legacy,2024-10-25,Crime,Kannada,Kiran Kumar,Sunrise Studios,33.36,36.81,8.4,616790,176,Netflix,India
M251,Future Legacy,2021-05-15,Action,Telugu,Arun Rao,Moonlight Films,76.05,138.83,6.1,52081,160,JioHotstar,UK
M252,Lost Escape,2021-07-09,Romance,English,Amit Shah,BlueSky Films,90.02,88.41,8.0,70230,112,SonyLIV,UK
M253,Perfect World,2024-05-03,Drama,Kannada,Raj Verma,Silver Screen,55.82,132.29,5.5,225418,127,SonyLIV,UK
M254,Broken Journey,2023-04-26,Animation,Tamil,David King,Silver Screen,149.69,461.47,8.2,588108,121,ZEE5,UK
M255,Final Escape,2023-07-26,Action,Hindi,Amit Shah,Prime Studios,143.14,86.55,7.9,337448,103,Netflix,USA
M256,Magic Shadow,2023-12-28,Drama,Kannada,Ravi Kumar,BlueSky Films,23.02,81.68,8.8,560007,142,ZEE5,USA
M257,Secret Hearts,2023-07-29,Horror,Telugu,Anil Kumar,Moonlight Films,20.48,49.5,7.1,152057,120,JioHotstar,South Korea
M258,Golden Story,2021-10-30,Sci-Fi,English,John Smith,Prime Studios,73.39,98.9,9.0,157723,164,SonyLIV,UK
M259,Great Mission,2022-04-12,Romance,English,John Smith,Galaxy Pictures,85.03,313.49,6.3,338284,149,Not Available,South Korea
M260,Magic Kingdom,2023-11-28,Crime,Malayalam,David King,Galaxy Pictures,15.65,51.25,6.7,110643,121,Hotstar,USA
M261,Golden Story,2020-03-04,Horror,English,David King,Sunrise Studios,129.64,308.42,7.5,114326,149,Not Available,USA
M262,Perfect Vision,2020-09-24,Comedy,Telugu,Anil Kumar,BlueSky Films,125.31,224.45,7.8,691001,100,Netflix,India
M263,Hidden Shadow,2021-02-08,Animation,English,John Smith,Moonlight Films,123.3,110.27,8.6,362655,105,Not Available,South Korea
M264,Great Hearts,2022-03-19,Animation,Tamil,Anil Kumar,DreamWorks India,14.13,39.37,6.1,240146,113,Netflix,Australia
M265,Hidden Night,2023-06-22,Crime,Telugu,Amit Shah,DreamWorks India,44.41,68.58,7.0,592438,151,SonyLIV,USA
M266,Magic Return,2023-08-09,Adventure,Malayalam,Vikram Rao,Prime Studios,44.88,169.69,7.5,35478,138,Hotstar,Australia
M267,Great Truth,2022-10-25,Sci-Fi,Tamil,Kiran Kumar,Starline Productions,64.37,75.66,6.7,244659,93,Not Available,Australia
M268,Perfect Kingdom,2021-04-21,Thriller,Telugu,Anil Kumar,DreamWorks India,24.02,64.9,6.5,73624,118,Prime Video,USA
M269,Magic Vision,2023-04-28,Sci-Fi,Malayalam,John Smith,Silver Screen,122.87,348.02,8.9,44576,180,Not Available,Canada
M270,Last Escape,2023-01-15,Drama,Tamil,David King,Starline Productions,34.58,24.95,5.7,645889,118,ZEE5,USA
M271,Last Story,2024-07-09,Thriller,Malayalam,Priya Menon,DreamWorks India,57.71,67.4,8.5,354307,97,Not Available,India
M272,Perfect Mission,2024-09-29,Adventure,Telugu,Robert Lee,Starline Productions,130.49,479.39,6.9,709303,140,Prime Video,USA
M273,Wild Code,2024-02-08,Horror,Telugu,Arun Rao,DreamWorks India,120.86,444.05,7.9,197664,180,SonyLIV,UK
M274,Perfect Truth,2024-02-12,Drama,Hindi,Raj Verma,Starline Productions,27.83,81.6,9.0,615660,140,Not Available,Australia
M275,Magic Adventure,2021-03-28,Crime,Hindi,Michael Jones,BlueSky Films,24.58,53.78,6.7,96586,120,Not Available,South Korea
M276,Great Mission,2023-10-04,Sci-Fi,Kannada,David King,Sunrise Studios,72.53,105.07,6.4,86087,134,SonyLIV,Canada
M277,Wild Kingdom,2024-02-09,Horror,English,Daniel Wilson,Prime Studios,145.67,499.73,7.3,412108,134,Not Available,Australia
M278,Royal Hearts,2023-08-26,Comedy,English,Ravi Kumar,Starline Productions,32.77,27.39,8.6,324234,92,Prime Video,Canada
M279,Rising Journey,2020-11-25,Romance,Tamil,Michael Jones,DreamWorks India,86.59,300.81,5.8,637886,168,ZEE5,Canada
M280,Wild Hearts,2020-11-17,Action,Kannada,Robert Lee,Galaxy Pictures,24.18,30.41,6.2,746063,160,Prime Video,India
M281,Future Night,2020-04-11,Horror,Telugu,Daniel Wilson,Prime Studios,90.05,296.04,6.1,393356,90,Prime Video,India
M282,Dream Return,2020-02-22,Comedy,Tamil,Anil Kumar,Galaxy Pictures,33.92,52.03,5.8,136119,129,Netflix,South Korea
M283,Great Shadow,2023-01-19,Horror,Tamil,Robert Lee,Silver Screen,35.88,123.2,6.9,482429,95,Not Available,UK
M284,Wild Destiny,2023-03-01,Action,Malayalam,Arun Rao,Sunrise Studios,31.16,88.14,5.9,715596,134,Not Available,Canada
M285,Lost Return,2024-08-03,Adventure,Telugu,Ravi Kumar,Moonlight Films,68.61,158.74,8.7,512889,163,Not Available,South Korea
M286,Golden Shadow,2020-03-12,Adventure,Hindi,John Smith,Silver Screen,89.97,202.78,7.6,665403,108,Not Available,USA
M287,Unknown Hearts,2020-09-15,Action,Telugu,Anil Kumar,BlueSky Films,69.27,260.63,7.1,672694,108,Netflix,Canada
M288,Unknown Vision,2023-02-13,Horror,Malayalam,Vikram Rao,Moonlight Films,87.29,291.65,7.4,27964,179,Netflix,Canada
M289,Perfect Mission,2020-11-02,Thriller,Telugu,Daniel Wilson,Starline Productions,89.32,220.14,9.1,120071,103,SonyLIV,UK
M290,Unknown Code,2022-02-23,Animation,Kannada,Priya Menon,Moonlight Films,90.08,190.41,6.1,437548,108,Netflix,Canada
M291,Last Adventure,2024-12-26,Sci-Fi,Telugu,Robert Lee,Galaxy Pictures,106.67,80.83,7.3,296631,137,Not Available,Canada
M292,Great Destiny,2024-10-23,Romance,Malayalam,Michael Jones,BlueSky Films,146.15,194.3,6.6,479635,131,Prime Video,Canada
M293,Silent Night,2021-03-08,Horror,Telugu,Priya Menon,Moonlight Films,113.73,344.64,8.7,73936,155,Prime Video,Australia
M294,Hidden Shadow,2024-12-05,Crime,English,Anil Kumar,Starline Productions,14.05,17.1,8.6,75426,121,JioHotstar,USA
M295,Last Legacy,2021-07-15,Sci-Fi,Telugu,James Brown,Prime Studios,125.29,277.69,7.9,144890,177,Prime Video,Canada
M296,Secret Journey,2023-04-16,Adventure,Tamil,David King,DreamWorks India,58.97,66.24,8.8,737312,101,Not Available,Australia
M297,Future Escape,2024-05-16,Comedy,English,Daniel Wilson,Sunrise Studios,130.0,347.31,8.0,297154,173,SonyLIV,USA
M298,Great Destiny,2023-08-18,Thriller,Tamil,Daniel Wilson,Starline Productions,94.16,59.05,6.4,335297,180,SonyLIV,UK
M299,Last Escape,2021-03-22,Animation,Kannada,Daniel Wilson,Starline Productions,52.3,118.51,7.8,627879,103,ZEE5,South Korea
M300,Royal Hearts,2023-05-01,Crime,Telugu,Michael Jones,Galaxy Pictures,49.57,138.31,7.3,367618,125,Prime Video,USA
M301,Royal Story,2022-11-25,Comedy,Kannada,David King,Prime Studios,135.96,432.0,8.5,644180,141,Hotstar,UK
M302,Royal Legacy,2022-05-07,Horror,Kannada,Kiran Kumar,Prime Studios,64.36,45.89,8.1,614829,114,JioHotstar,UK
M303,Golden Return,2022-11-04,Drama,Hindi,Priya Menon,Galaxy Pictures,128.36,422.31,8.7,204934,127,JioHotstar,Australia
M304,Lost World,2024-04-11,Thriller,Tamil,Vikram Rao,Starline Productions,142.57,495.96,7.9,248049,135,Hotstar,UK
M305,Perfect Code,2023-04-14,Drama,English,James Brown,Silver Screen,74.93,73.2,5.7,680213,164,ZEE5,India
M306,Final Adventure,2024-11-11,Horror,Tamil,Raj Verma,Prime Studios,84.18,161.79,8.7,173102,107,Prime Video,UK
M307,Hidden Journey,2024-11-01,Thriller,Tamil,Robert Lee,Silver Screen,119.05,257.18,7.8,200413,130,Not Available,USA
M308,Future Kingdom,2023-03-26,Thriller,Tamil,James Brown,Moonlight Films,78.54,239.03,5.8,659328,145,Netflix,India
M309,Last Journey,2022-12-29,Comedy,Kannada,Priya Menon,Silver Screen,112.29,408.76,8.8,571829,114,Prime Video,South Korea
M310,Dark Truth,2024-12-01,Sci-Fi,Telugu,Robert Lee,Prime Studios,53.69,49.86,7.4,335984,111,JioHotstar,Australia
M311,Magic Dreams,2023-05-06,Adventure,Hindi,Anil Kumar,Moonlight Films,57.3,197.2,9.2,374381,152,Netflix,USA
M312,Hidden Kingdom,2021-04-04,Thriller,Kannada,Robert Lee,Sunrise Studios,39.57,26.52,7.4,144144,136,ZEE5,India
M313,Dream Mission,2023-09-17,Romance,Malayalam,Robert Lee,Prime Studios,101.5,67.31,8.1,452020,146,JioHotstar,USA
M314,Unknown Story,2021-02-24,Action,Tamil,Daniel Wilson,BlueSky Films,52.16,141.74,8.0,298091,169,ZEE5,South Korea
M315,Great Escape,2023-06-19,Romance,Hindi,Suresh Reddy,Moonlight Films,49.58,154.25,7.3,653584,115,Hotstar,USA
M316,Last Journey,2020-03-21,Adventure,Kannada,Ravi Kumar,BlueSky Films,79.49,100.52,9.0,361663,120,Not Available,Australia
M317,Lost Shadow,2023-10-02,Animation,Telugu,Robert Lee,Prime Studios,30.88,27.43,7.4,121210,122,Netflix,India
M318,Future Mission,2024-07-23,Thriller,English,Daniel Wilson,Sunrise Studios,132.38,440.45,6.8,724641,130,Netflix,USA
M319,Magic Adventure,2023-09-20,Thriller,Hindi,Ravi Kumar,Moonlight Films,56.01,193.93,9.0,296342,101,SonyLIV,Canada
M320,Broken Truth,2021-07-10,Horror,Hindi,Ravi Kumar,Moonlight Films,106.59,227.08,7.1,189880,104,ZEE5,Canada
M321,Last Story,2024-07-01,Crime,Tamil,Anil Kumar,Prime Studios,104.98,123.88,6.9,391018,168,Netflix,Canada
M322,Perfect Vision,2022-06-21,Action,Hindi,Michael Jones,Starline Productions,18.87,50.87,5.5,725859,157,ZEE5,Australia
M323,Dream Story,2023-11-10,Crime,Malayalam,Anil Kumar,Sunrise Studios,23.33,63.4,6.4,377544,174,Netflix,South Korea
M324,Royal Legacy,2020-11-17,Adventure,Telugu,Robert Lee,Sunrise Studios,128.84,428.52,8.7,93501,152,ZEE5,USA
M325,Dark Return,2023-02-01,Horror,Tamil,Suresh Reddy,BlueSky Films,66.46,89.85,7.2,615870,147,SonyLIV,South Korea
M326,Unknown Code,2023-08-31,Action,Kannada,Robert Lee,Silver Screen,24.37,46.78,7.6,15177,101,JioHotstar,South Korea
M327,Wild Code,2022-07-23,Sci-Fi,Malayalam,James Brown,Starline Productions,60.87,47.09,6.3,491535,132,JioHotstar,Canada
M328,Wild Escape,2020-08-21,Romance,Telugu,Priya Menon,BlueSky Films,116.3,152.31,6.8,679441,127,Netflix,USA
M329,Final Dreams,2022-10-05,Thriller,English,Anil Kumar,Moonlight Films,125.06,372.18,7.0,281641,168,Prime Video,Canada
M330,Perfect Mission,2024-08-15,Comedy,Tamil,James Brown,DreamWorks India,110.35,104.26,7.0,679000,176,SonyLIV,India
M331,Perfect Warrior,2022-12-22,Action,Kannada,Daniel Wilson,DreamWorks India,87.45,173.59,7.7,548025,112,Netflix,Canada
M332,Lost Hearts,2023-09-08,Crime,Tamil,Suresh Reddy,Galaxy Pictures,94.86,154.61,8.8,454001,167,SonyLIV,USA
M333,Wild Dreams,2020-10-09,Horror,Hindi,Arun Rao,Galaxy Pictures,94.35,324.24,7.4,589416,130,JioHotstar,UK
M334,Royal Mission,2023-10-09,Thriller,Telugu,Kiran Kumar,Prime Studios,147.39,395.05,9.0,543370,159,ZEE5,Australia
M335,Falling Mission,2023-09-28,Horror,English,Amit Shah,DreamWorks India,104.39,361.23,7.5,457904,91,Netflix,South Korea
M336,Broken Truth,2020-04-25,Comedy,Kannada,Vikram Rao,Galaxy Pictures,47.38,147.53,9.1,731586,122,Prime Video,Australia
M337,Wild Kingdom,2020-03-07,Sci-Fi,Hindi,Kiran Kumar,Galaxy Pictures,123.96,115.03,8.7,604179,118,JioHotstar,South Korea
M338,Hidden Journey,2020-04-06,Horror,Kannada,Robert Lee,Silver Screen,64.26,235.28,9.1,342841,160,ZEE5,Canada
M339,Unknown Dreams,2024-08-26,Comedy,Kannada,Arun Rao,Galaxy Pictures,137.61,392.85,7.9,631966,159,SonyLIV,USA
M340,Future Hearts,2023-10-30,Romance,Malayalam,Robert Lee,DreamWorks India,36.18,41.83,7.4,410521,95,Prime Video,Australia
M341,Royal Code,2024-09-28,Drama,English,Vikram Rao,Galaxy Pictures,10.79,22.58,9.0,56880,109,SonyLIV,Australia
M342,Dark Escape,2023-01-31,Sci-Fi,Hindi,Amit Shah,Moonlight Films,20.2,57.86,7.4,207800,156,Netflix,UK
M343,Rising Memory,2021-03-29,Comedy,Kannada,David King,BlueSky Films,102.87,170.7,6.6,663314,157,JioHotstar,UK
M344,Royal Kingdom,2022-07-01,Comedy,English,Amit Shah,Galaxy Pictures,136.63,350.3,7.8,56814,177,ZEE5,South Korea
M345,Rising Truth,2021-08-02,Action,Telugu,Anil Kumar,Silver Screen,137.59,444.52,6.9,548447,147,Hotstar,Australia
M346,Dark Dreams,2020-06-17,Romance,Kannada,Michael Jones,Silver Screen,33.44,122.39,7.5,22686,170,Not Available,South Korea
M347,Dark Story,2022-05-18,Romance,English,James Brown,Starline Productions,38.78,126.11,8.8,471379,172,Netflix,India
M348,Future Kingdom,2020-05-30,Action,Tamil,Michael Jones,Moonlight Films,34.92,49.1,5.8,253703,123,SonyLIV,UK
M349,Perfect Truth,2020-02-04,Horror,Kannada,Daniel Wilson,BlueSky Films,104.26,240.99,7.9,663386,98,Hotstar,Australia
M350,Dream Journey,2020-08-05,Drama,Tamil,John Smith,Silver Screen,120.16,187.97,5.8,473936,138,Prime Video,South Korea
M351,Last Memory,2022-03-11,Adventure,Malayalam,John Smith,BlueSky Films,51.3,134.86,6.6,694414,137,Netflix,India
M352,Final Destiny,2023-03-18,Crime,Kannada,Daniel Wilson,DreamWorks India,65.17,153.29,5.8,235256,134,Prime Video,USA
M353,Wild Shadow,2021-03-28,Crime,Kannada,Kiran Kumar,BlueSky Films,126.86,155.0,6.2,609849,96,Hotstar,South Korea
M354,Broken Legacy,2020-05-17,Drama,English,Robert Lee,BlueSky Films,23.75,69.39,7.3,361922,135,Prime Video,UK
M355,Perfect Promise,2022-09-22,Animation,Telugu,Amit Shah,DreamWorks India,55.97,151.69,8.1,174797,162,Netflix,UK
M356,Royal Return,2021-05-19,Comedy,Tamil,James Brown,Starline Productions,109.71,290.81,6.5,391948,107,Not Available,UK
M357,Wild Dreams,2022-09-24,Adventure,Telugu,Priya Menon,BlueSky Films,25.24,67.28,5.8,309247,107,JioHotstar,India
M358,Hidden Memory,2020-02-08,Adventure,Telugu,Kiran Kumar,Prime Studios,98.43,315.02,7.6,633697,117,JioHotstar,USA
M359,Beyond Escape,2022-01-19,Horror,Malayalam,Ravi Kumar,Moonlight Films,41.26,126.7,8.2,320134,107,Hotstar,Australia
M360,Broken Shadow,2020-01-22,Comedy,Hindi,John Smith,DreamWorks India,128.72,409.45,7.8,188899,155,JioHotstar,South Korea
M361,Lost Truth,2022-09-17,Sci-Fi,Kannada,Arun Rao,Starline Productions,15.66,47.55,6.4,292198,137,SonyLIV,Canada
M362,Great Hearts,2022-07-20,Action,Malayalam,Kiran Kumar,DreamWorks India,15.59,41.71,5.9,561699,171,SonyLIV,South Korea
M363,Lost Escape,2022-02-14,Sci-Fi,Tamil,Suresh Reddy,Starline Productions,92.28,320.61,5.8,278807,138,SonyLIV,Canada
M364,Falling Hearts,2024-12-21,Crime,Hindi,John Smith,DreamWorks India,10.92,37.37,7.1,256162,99,Prime Video,UK
M365,Rising Return,2023-05-17,Romance,Hindi,Raj Verma,DreamWorks India,102.56,197.61,6.7,133844,151,JioHotstar,Canada
M366,Hidden Vision,2020-02-15,Comedy,Hindi,David King,DreamWorks India,16.04,39.06,6.1,675120,155,Hotstar,USA
M367,Dark Dreams,2022-11-24,Horror,Tamil,Raj Verma,Prime Studios,93.91,225.72,5.6,708889,126,Not Available,Canada
M368,Falling Hearts,2020-12-15,Comedy,Hindi,Priya Menon,Starline Productions,126.25,318.49,8.4,205719,169,SonyLIV,Australia
M369,Falling Destiny,2023-04-24,Romance,Hindi,Raj Verma,BlueSky Films,42.17,77.32,5.9,227177,156,Prime Video,Canada
M370,Rising Story,2023-06-13,Crime,Malayalam,Kiran Kumar,Sunrise Studios,15.47,48.09,7.4,138224,101,Not Available,South Korea
M371,Lost Return,2023-08-22,Horror,Tamil,Suresh Reddy,BlueSky Films,83.09,148.33,5.7,570552,144,SonyLIV,USA
M372,Future Hearts,2021-06-05,Animation,Hindi,David King,Sunrise Studios,117.22,411.71,5.8,642354,159,ZEE5,Australia
M373,Magic Mission,2020-08-29,Adventure,Hindi,Amit Shah,Galaxy Pictures,11.01,29.67,8.0,346246,142,Hotstar,Australia
M374,Wild Memory,2022-05-17,Crime,Tamil,John Smith,Starline Productions,61.19,90.67,8.0,228588,142,ZEE5,Australia
M375,Golden Legacy,2022-09-17,Drama,Tamil,Vikram Rao,DreamWorks India,148.39,363.33,8.4,432469,107,Netflix,USA
M376,Hidden Warrior,2022-11-07,Horror,Tamil,Michael Jones,Sunrise Studios,120.05,379.69,7.8,732817,180,Not Available,India
M377,Magic Night,2024-08-13,Thriller,Malayalam,David King,Moonlight Films,76.03,191.66,5.8,290871,118,SonyLIV,Australia
M378,Rising Shadow,2023-09-05,Adventure,English,Arun Rao,Galaxy Pictures,50.11,184.57,5.7,198785,171,Prime Video,India
M379,Magic Legacy,2024-05-24,Crime,Kannada,David King,DreamWorks India,81.48,231.0,7.8,721765,94,Netflix,UK
M380,Dark Night,2024-05-15,Horror,Malayalam,Robert Lee,Starline Productions,59.44,110.82,7.7,557892,91,Hotstar,UK
M381,Silent Destiny,2021-04-08,Crime,Malayalam,Ravi Kumar,BlueSky Films,144.83,297.66,7.0,19877,123,ZEE5,UK
M382,Beyond Kingdom,2021-11-27,Romance,Malayalam,James Brown,Silver Screen,122.41,448.2,8.7,617819,122,Not Available,UK
M383,Great Night,2024-05-07,Animation,Tamil,Michael Jones,Silver Screen,105.42,365.69,8.7,520382,104,JioHotstar,South Korea
M384,Lost World,2021-04-15,Sci-Fi,English,Amit Shah,Starline Productions,67.74,117.18,7.5,749861,123,Netflix,Australia
M385,Final Return,2020-12-31,Animation,Kannada,Arun Rao,Silver Screen,53.94,70.09,7.6,206663,177,JioHotstar,USA
M386,Broken Mission,2024-11-22,Drama,English,Anil Kumar,BlueSky Films,38.95,48.64,6.4,663645,135,JioHotstar,South Korea
M387,Unknown Adventure,2022-10-05,Crime,Tamil,Anil Kumar,Galaxy Pictures,10.93,36.54,9.0,520719,137,SonyLIV,USA
M388,Future Return,2024-04-14,Adventure,Malayalam,David King,Starline Productions,49.24,64.54,7.6,71778,157,SonyLIV,South Korea
M389,Last Journey,2024-05-08,Thriller,Kannada,Arun Rao,Moonlight Films,74.01,72.91,7.4,345984,178,ZEE5,India
M390,Rising Code,2021-10-28,Sci-Fi,Telugu,Suresh Reddy,DreamWorks India,95.79,137.08,7.5,263658,124,SonyLIV,Canada
M391,Silent Vision,2021-03-07,Horror,Hindi,Raj Verma,Silver Screen,108.1,193.65,8.7,308212,147,Not Available,India
M392,Broken Return,2024-01-16,Drama,English,John Smith,Moonlight Films,122.57,291.36,8.7,220587,108,SonyLIV,USA
M393,Perfect Truth,2024-10-05,Adventure,Tamil,Ravi Kumar,DreamWorks India,84.76,136.49,7.3,278165,161,Netflix,USA
M394,Magic Promise,2024-07-24,Drama,Malayalam,Kiran Kumar,Galaxy Pictures,76.72,200.67,7.2,365912,123,Hotstar,India
M395,Wild Warrior,2022-04-23,Romance,Telugu,Suresh Reddy,Starline Productions,59.15,164.12,7.7,619875,163,JioHotstar,Australia
M396,Silent Adventure,2022-09-25,Animation,Tamil,Michael Jones,Moonlight Films,134.55,244.8,6.6,677398,108,Not Available,India
M397,Dream Hearts,2020-06-11,Thriller,Tamil,Vikram Rao,Starline Productions,58.11,93.16,7.9,295465,167,JioHotstar,Australia
M398,Great Night,2022-12-02,Animation,Hindi,John Smith,Moonlight Films,67.96,80.77,5.6,261024,174,Netflix,India
M399,Great Code,2020-05-10,Animation,Hindi,Ravi Kumar,Moonlight Films,86.78,59.39,7.0,102295,103,Hotstar,USA
M400,Hidden Promise,2021-05-21,Drama,Telugu,Daniel Wilson,Prime Studios,72.04,72.37,7.4,193895,93,SonyLIV,Australia
M401,Unknown Shadow,2021-07-11,Adventure,Kannada,Priya Menon,Moonlight Films,72.28,267.62,8.1,200636,165,ZEE5,South Korea
M402,Secret Promise,2023-08-02,Adventure,Tamil,Robert Lee,DreamWorks India,53.35,91.28,7.5,108904,146,Hotstar,India
M403,Last Return,2020-01-01,Adventure,Tamil,Robert Lee,Sunrise Studios,124.15,411.36,6.8,506989,158,Not Available,Canada
M404,Wild Destiny,2024-06-22,Drama,Tamil,Arun Rao,DreamWorks India,93.58,294.74,7.5,212731,142,JioHotstar,South Korea
M405,Falling Code,2023-08-15,Horror,Kannada,Michael Jones,Galaxy Pictures,125.98,164.52,5.8,670698,120,Hotstar,South Korea
M406,Secret Mission,2024-03-01,Adventure,Kannada,James Brown,Prime Studios,123.23,236.76,8.7,206267,107,Hotstar,South Korea
M407,Silent Mission,2023-06-29,Animation,Telugu,Robert Lee,DreamWorks India,36.29,24.03,5.7,575957,92,JioHotstar,Canada
M408,Secret Return,2024-01-29,Action,Telugu,James Brown,Sunrise Studios,42.59,46.09,7.3,373521,143,Hotstar,India
M409,Final Hearts,2024-09-23,Thriller,Tamil,Daniel Wilson,Sunrise Studios,17.85,55.02,5.8,507984,113,Netflix,South Korea
M410,Beyond Mission,2021-05-24,Horror,Malayalam,Michael Jones,Silver Screen,117.97,238.0,8.2,50138,115,SonyLIV,Canada
M411,Golden Hearts,2023-10-27,Drama,Tamil,Michael Jones,Galaxy Pictures,141.07,156.24,8.2,591276,156,Prime Video,UK
M412,Royal Journey,2024-12-22,Action,Hindi,Vikram Rao,Galaxy Pictures,130.91,169.78,5.9,678653,145,ZEE5,India
M413,Unknown Story,2022-03-21,Comedy,Telugu,Vikram Rao,BlueSky Films,11.25,8.26,8.4,513357,178,Prime Video,USA
M414,Hidden Promise,2022-10-20,Romance,Kannada,John Smith,BlueSky Films,106.03,178.44,9.1,670498,97,Prime Video,Canada
M415,Last Kingdom,2021-04-21,Sci-Fi,Telugu,Priya Menon,DreamWorks India,147.43,460.48,8.3,475030,114,Hotstar,India
M416,Wild Promise,2022-09-20,Animation,Telugu,Priya Menon,Prime Studios,88.26,206.24,7.3,609229,113,Hotstar,Australia
M417,Magic Shadow,2024-10-28,Adventure,English,Vikram Rao,Moonlight Films,32.45,74.62,7.2,291141,159,JioHotstar,USA
M418,Wild Kingdom,2024-12-13,Action,Hindi,Kiran Kumar,Prime Studios,96.76,170.79,7.8,351272,98,Not Available,Australia
M419,Dark Truth,2020-11-11,Crime,Hindi,John Smith,Sunrise Studios,49.64,94.88,6.7,115932,156,Prime Video,India
M420,Falling Code,2022-09-21,Comedy,Kannada,Raj Verma,Galaxy Pictures,23.83,57.84,8.6,704880,152,Netflix,UK
M421,Dark Shadow,2021-03-28,Crime,Kannada,David King,Starline Productions,110.5,70.93,8.9,702603,152,ZEE5,South Korea
M422,Falling Truth,2024-12-28,Horror,Kannada,Ravi Kumar,Galaxy Pictures,125.08,392.95,5.7,661901,124,Netflix,USA
M423,Lost Vision,2022-11-29,Romance,Kannada,John Smith,Moonlight Films,24.17,32.37,6.9,217500,157,JioHotstar,India
M424,Silent Memory,2024-04-18,Crime,Tamil,Kiran Kumar,Starline Productions,60.11,124.3,8.0,124159,111,JioHotstar,USA
M425,Future Destiny,2022-12-29,Crime,Kannada,Suresh Reddy,Silver Screen,72.02,124.41,6.7,355424,137,ZEE5,Australia
M426,Dream Journey,2021-03-14,Horror,Kannada,David King,Galaxy Pictures,117.2,417.66,6.4,489379,147,ZEE5,India
M427,Royal Journey,2022-11-26,Thriller,Kannada,Daniel Wilson,Galaxy Pictures,149.08,233.44,6.6,247665,117,ZEE5,Australia
M428,Broken Hearts,2023-02-13,Crime,Telugu,Anil Kumar,Silver Screen,139.63,152.91,5.6,387932,109,Prime Video,UK
M429,Rising Warrior,2024-07-19,Drama,Tamil,Daniel Wilson,BlueSky Films,22.87,42.98,8.9,95951,131,ZEE5,South Korea
M430,Magic Destiny,2021-09-07,Action,Tamil,Anil Kumar,BlueSky Films,112.31,274.5,5.8,73639,132,Not Available,USA
M431,Falling Truth,2024-03-11,Crime,Telugu,Kiran Kumar,DreamWorks India,140.01,368.01,7.8,71757,129,Hotstar,Australia
M432,Perfect Escape,2023-11-30,Comedy,English,Arun Rao,Moonlight Films,31.45,86.66,9.2,482262,166,Hotstar,Canada
M433,Great Night,2020-10-30,Thriller,Tamil,Kiran Kumar,Moonlight Films,57.06,121.12,8.3,589779,141,Not Available,South Korea
M434,Wild Code,2020-09-24,Thriller,Kannada,Kiran Kumar,Silver Screen,77.33,95.42,7.0,614083,115,Prime Video,India
M435,Future Promise,2021-06-29,Horror,Telugu,Arun Rao,Starline Productions,55.28,196.64,5.8,719378,142,Hotstar,Australia
M436,Broken Shadow,2023-09-04,Action,English,Anil Kumar,Silver Screen,117.76,134.44,6.8,478690,169,Prime Video,South Korea
M437,Unknown Story,2022-02-04,Thriller,Telugu,David King,Starline Productions,116.08,386.41,5.9,72187,121,JioHotstar,India
M438,Wild Escape,2021-09-16,Animation,Telugu,Kiran Kumar,Prime Studios,75.97,126.26,8.2,237167,116,ZEE5,South Korea
M439,Hidden World,2020-10-16,Action,Hindi,Vikram Rao,Galaxy Pictures,62.72,219.48,7.4,282865,111,Netflix,Canada
M440,Golden Journey,2023-09-02,Action,Telugu,Daniel Wilson,Moonlight Films,19.32,52.42,8.0,707165,136,Prime Video,Canada
M441,Final Escape,2022-11-07,Romance,Tamil,Kiran Kumar,Sunrise Studios,136.54,293.69,7.7,107296,113,Netflix,USA
M442,Magic Promise,2022-12-20,Drama,Kannada,Robert Lee,Silver Screen,56.7,105.4,6.1,378625,177,ZEE5,UK
M443,Great Legacy,2024-07-20,Action,Hindi,Suresh Reddy,Moonlight Films,97.61,333.02,8.8,45897,161,JioHotstar,USA
M444,Future Legacy,2020-06-28,Horror,Malayalam,John Smith,Moonlight Films,82.9,229.6,8.7,734871,119,Hotstar,Australia
M445,Final Story,2021-11-05,Animation,Telugu,Priya Menon,DreamWorks India,85.91,108.39,6.0,582650,177,SonyLIV,USA
M446,Royal Story,2023-09-05,Crime,Kannada,David King,Starline Productions,138.4,223.65,7.6,139138,113,SonyLIV,Canada
M447,Final Mission,2021-09-13,Animation,Hindi,John Smith,Sunrise Studios,114.39,369.42,7.9,302096,109,Not Available,Australia
M448,Last Promise,2023-06-17,Drama,English,Priya Menon,Prime Studios,94.78,242.59,7.7,257129,177,Prime Video,Australia
M449,Rising Story,2024-09-28,Crime,Hindi,Arun Rao,Silver Screen,75.63,202.58,6.2,421281,152,Netflix,Canada
M450,Final Night,2024-04-14,Action,Hindi,Anil Kumar,Prime Studios,139.56,508.09,6.3,718950,115,Not Available,Australia
M451,Dream Adventure,2022-09-30,Sci-Fi,Tamil,Raj Verma,Sunrise Studios,131.35,451.88,7.1,58858,167,ZEE5,India
M452,Dream Truth,2022-07-13,Animation,Malayalam,Amit Shah,Sunrise Studios,125.78,92.54,9.2,558899,158,Prime Video,UK
M453,Secret Code,2022-06-19,Horror,English,Priya Menon,DreamWorks India,133.82,411.6,6.6,189573,144,SonyLIV,South Korea
M454,Broken Kingdom,2022-07-14,Romance,Tamil,Suresh Reddy,Prime Studios,111.17,106.96,8.4,744928,159,Netflix,USA
M455,Royal Warrior,2022-07-18,Crime,Kannada,Priya Menon,BlueSky Films,135.53,469.82,8.8,109560,122,Netflix,India
M456,Silent Kingdom,2023-12-17,Animation,Malayalam,Amit Shah,Sunrise Studios,98.77,86.22,8.1,551521,168,Not Available,USA
M457,Hidden Destiny,2021-11-17,Crime,Telugu,Robert Lee,Prime Studios,131.98,443.53,6.1,166631,112,Hotstar,South Korea
M458,Beyond Return,2021-01-05,Romance,Tamil,Kiran Kumar,Sunrise Studios,135.8,498.85,5.5,280406,91,ZEE5,Canada
M459,Unknown Journey,2021-05-02,Comedy,Hindi,Anil Kumar,Galaxy Pictures,92.44,196.18,7.0,98262,166,ZEE5,South Korea
M460,Hidden Vision,2023-02-15,Comedy,Malayalam,Robert Lee,Starline Productions,16.85,18.1,7.9,53504,108,Netflix,India
M461,Unknown Vision,2020-08-11,Horror,Malayalam,John Smith,Prime Studios,149.12,166.46,6.6,708029,178,JioHotstar,Australia
M462,Future Memory,2022-01-07,Action,English,Robert Lee,Prime Studios,23.04,35.89,6.9,412346,98,Prime Video,India
M463,Hidden Mission,2023-11-23,Drama,Malayalam,Priya Menon,BlueSky Films,56.09,107.92,6.3,234205,168,SonyLIV,South Korea
M464,Great Escape,2023-11-11,Crime,Malayalam,Raj Verma,Starline Productions,140.74,528.63,6.6,653419,130,Prime Video,Australia
M465,Lost World,2023-02-26,Animation,Hindi,David King,BlueSky Films,82.76,216.99,7.3,203646,168,Netflix,Canada
M466,Hidden Adventure,2023-07-04,Romance,Telugu,Kiran Kumar,Silver Screen,113.25,143.09,7.8,449773,142,Netflix,South Korea
M467,Last Mission,2021-02-16,Drama,Kannada,Suresh Reddy,Starline Productions,45.62,37.27,6.6,591710,131,SonyLIV,South Korea
M468,Rising Return,2023-03-11,Crime,English,Michael Jones,DreamWorks India,144.42,471.18,6.2,369352,176,SonyLIV,USA
M469,Falling World,2023-07-08,Animation,Malayalam,Priya Menon,Starline Productions,134.89,312.71,6.7,449061,97,ZEE5,Australia
M470,Broken Hearts,2020-02-08,Comedy,English,Suresh Reddy,Moonlight Films,90.84,150.93,8.9,385771,98,JioHotstar,Australia
M471,Royal Truth,2024-09-21,Thriller,Telugu,Amit Shah,BlueSky Films,89.94,166.08,7.7,338256,180,SonyLIV,USA
M472,Magic Truth,2022-01-31,Animation,Hindi,Anil Kumar,BlueSky Films,126.12,197.81,7.4,198514,104,SonyLIV,Australia
M473,Secret Adventure,2020-02-21,Animation,Hindi,Vikram Rao,BlueSky Films,136.69,149.41,6.8,521957,157,Not Available,Australia
M474,Last World,2023-10-17,Thriller,English,Michael Jones,BlueSky Films,38.73,27.77,6.9,562718,104,Hotstar,Canada
M475,Secret Dreams,2024-12-26,Action,Telugu,Arun Rao,Silver Screen,24.43,74.55,8.3,38572,163,Hotstar,UK
M476,Golden Journey,2022-12-26,Sci-Fi,Malayalam,Kiran Kumar,BlueSky Films,118.19,324.74,6.5,180146,125,Prime Video,Australia
M477,Lost Warrior,2021-12-18,Adventure,English,Robert Lee,Starline Productions,54.59,57.48,8.1,312027,163,ZEE5,Canada
M478,Dark Destiny,2020-04-13,Thriller,Tamil,John Smith,Prime Studios,14.06,49.08,5.7,417233,96,ZEE5,UK
M479,Beyond Vision,2021-10-01,Sci-Fi,Hindi,Ravi Kumar,Prime Studios,124.44,358.55,8.0,574399,100,Netflix,Canada
M480,Magic Kingdom,2021-09-27,Animation,Hindi,Priya Menon,Starline Productions,75.88,275.58,6.0,661910,123,Not Available,UK
M481,Secret Promise,2022-07-17,Animation,Malayalam,Raj Verma,DreamWorks India,14.24,30.2,6.8,498646,111,ZEE5,India
M482,Dream Vision,2022-04-10,Romance,Tamil,Arun Rao,Silver Screen,55.62,148.96,8.4,573624,149,ZEE5,USA
M483,Perfect Adventure,2022-09-14,Horror,Malayalam,Priya Menon,Silver Screen,19.25,24.38,8.1,467091,145,Prime Video,South Korea
M484,Unknown Shadow,2023-10-03,Romance,Telugu,Kiran Kumar,BlueSky Films,113.51,326.69,8.6,134876,165,Not Available,Canada
M485,Royal Return,2020-12-26,Drama,Kannada,Michael Jones,Sunrise Studios,143.82,118.33,5.9,640376,138,Netflix,USA
M486,Broken Shadow,2024-07-31,Thriller,Malayalam,Robert Lee,Moonlight Films,134.22,468.48,7.9,15193,108,ZEE5,Australia
M487,Future Promise,2022-07-04,Comedy,English,Raj Verma,Sunrise Studios,38.79,132.19,6.6,727569,128,ZEE5,Australia
M488,Wild Promise,2022-04-07,Thriller,English,Daniel Wilson,Galaxy Pictures,129.35,103.44,8.8,70708,90,Not Available,India
M489,Dream Destiny,2021-04-26,Horror,Malayalam,Arun Rao,DreamWorks India,108.31,201.64,6.7,416384,141,SonyLIV,USA
M490,Broken Story,2021-01-20,Adventure,English,Ravi Kumar,Sunrise Studios,63.84,227.16,8.6,176760,126,Prime Video,South Korea
M491,Future Shadow,2024-12-17,Animation,Kannada,Raj Verma,Moonlight Films,102.11,379.84,6.0,158885,172,ZEE5,USA
M492,Future Code,2022-07-19,Adventure,English,Raj Verma,Prime Studios,69.38,223.7,6.9,251706,113,Not Available,South Korea
M493,Perfect Return,2021-04-29,Adventure,Kannada,Suresh Reddy,BlueSky Films,47.7,170.05,7.6,50087,94,ZEE5,Canada
M494,Falling Night,2023-11-15,Romance,Malayalam,Anil Kumar,BlueSky Films,29.89,87.88,9.1,307993,149,Prime Video,Canada
M495,Royal Memory,2023-07-15,Romance,English,James Brown,Prime Studios,105.77,245.96,7.6,657818,96,ZEE5,Canada
M496,Hidden Code,2023-03-21,Sci-Fi,Kannada,Robert Lee,Galaxy Pictures,68.94,253.28,8.5,318257,111,Netflix,South Korea
M497,Secret Return,2022-08-27,Crime,English,John Smith,BlueSky Films,33.67,25.76,9.2,669643,93,Not Available,UK
M498,Silent Vision,2021-05-31,Thriller,Kannada,John Smith,Prime Studios,96.21,142.46,6.5,131968,167,Hotstar,USA
M499,Broken Code,2021-06-19,Comedy,Hindi,Daniel Wilson,Prime Studios,77.89,245.98,8.7,374502,100,Not Available,Canada
M500,Magic Truth,2024-04-26,Horror,Kannada,Robert Lee,BlueSky Films,43.31,86.99,7.9,236099,163,Netflix,USA
